dataset,noise_type,noise_rate,method,accuracy,macro_f1,macro_precision,macro_recall,total_time_sec,method_time_sec,train_time_sec,epochs_ran,n_train_input,n_train_selected
covertype,random,0.06,cleancore,0.8455316036315133,0.7599826749670049,0.8064266247618858,0.7304320640278344,108.5671556852758,108.16508689522743,89.41579185426235,180.0,464807.0,23240.0
covertype,random,0.06,gradmatch,0.8092853147454929,0.6658516580224167,0.757116215776897,0.6301387282179088,43.94812434911728,43.551613353192806,39.32173712179065,180.0,464807.0,12240.0
covertype,random,0.06,deem,0.702439654059636,0.48065088781528903,0.6078187346099669,0.4653091891575136,287.74140179529786,287.36281698197126,22.5215557590127,52.0,464807.0,23240.0
covertype,random,0.12,cleancore,0.8373563960242675,0.7454520454358414,0.7909932694213194,0.7150979762905273,107.06815489754081,106.5153645761311,89.6036532074213,180.0,464807.0,23240.0
covertype,random,0.12,gradmatch,0.8006023837184286,0.634174399037807,0.7506556692558305,0.5945290218165845,42.72356516122818,42.330124124884605,38.25585529208183,180.0,464807.0,12240.0
covertype,random,0.12,deem,0.7363624628888602,0.5231244743278229,0.6248670069317083,0.4984654048772233,312.16456197202206,311.76211366802454,22.457422647625208,52.0,464807.0,23240.0
covertype,random,0.18,cleancore,0.8244051460780517,0.7089257861911478,0.7761155063629419,0.6726288814720116,103.7826386578381,103.35640139132738,78.20056285709143,126.0,464807.0,23238.0
covertype,random,0.18,gradmatch,0.7989415257519039,0.6394061273184658,0.7435966376402935,0.6088958314989651,42.93329034745693,42.523898262530565,38.50512097403407,180.0,464807.0,12240.0
covertype,random,0.18,deem,0.7391076115485564,0.5141764884880324,0.6482106236608597,0.4861750765673944,280.8249729499221,280.4446990378201,22.5930798612535,52.0,464807.0,23240.0
covertype,random,0.24,cleancore,0.818183382814853,0.688725539861245,0.7719027228593826,0.6509160873100412,106.87267985194921,106.4364156126976,78.23009946197271,127.0,464807.0,23237.0
covertype,random,0.24,gradmatch,0.7794328987565079,0.612121732307082,0.7053501512597137,0.591260912036018,32.38591495901346,32.00816722586751,29.4310510084033,107.0,464807.0,12240.0
covertype,random,0.24,deem,0.7442106621918162,0.511985430982671,0.6860564525873432,0.48503610639516687,303.6048705615103,303.2216563858092,22.473447360098362,52.0,464807.0,23240.0
covertype,random,0.30,cleancore,0.8102577341766706,0.6741849321706511,0.7733322877341635,0.632702394839959,107.460997402668,106.93412793055177,79.06022838875651,127.0,464807.0,23237.0
covertype,random,0.30,gradmatch,0.7814465814723979,0.5869343958590852,0.7129656107849055,0.5543698099286761,37.01337147504091,36.57595033571124,33.37197721377015,142.0,464807.0,12240.0
covertype,random,0.30,deem,0.7426960974140527,0.4906102029379766,0.6791747571143396,0.46682559633992404,307.9110747501254,307.4887222982943,22.805897664278746,52.0,464807.0,23240.0
covertype,shift,0.06,cleancore,0.8478378727249257,0.7719520755529966,0.8072723466558462,0.7461363221338723,110.67226739227772,110.2728971131146,94.78246099874377,180.0,464807.0,23240.0
covertype,shift,0.06,gradmatch,0.8136741104083302,0.6939540298342971,0.747588228379289,0.6686584610440712,44.169959258288145,43.74481211975217,39.555201418697834,180.0,464807.0,12240.0
covertype,shift,0.06,deem,0.6567445462759778,0.4922159933053232,0.5294453840691306,0.481888044875963,319.9493534080684,319.5285803601146,22.8305442109704,52.0,464807.0,23240.0
covertype,shift,0.12,cleancore,0.8392323910330881,0.7495586842995406,0.7773773765771257,0.7296174981820815,112.66458338499069,112.17506605386734,95.94422055780888,180.0,464807.0,23240.0
covertype,shift,0.12,gradmatch,0.806841357945011,0.6720336915533872,0.7275336299565228,0.6518538426798278,43.448726899921894,43.0425644852221,38.97424756735563,180.0,464807.0,12240.0
covertype,shift,0.12,deem,0.6725700271072673,0.49909300257408934,0.5387616823147778,0.4997715379044815,305.35575975850224,304.95885490626097,22.410002417862415,52.0,464807.0,23240.0
covertype,shift,0.18,cleancore,0.8287337033690461,0.7257875569272149,0.7772959372192183,0.6945154620690593,107.28232843801379,106.83191860467196,83.71763582155108,125.0,464807.0,23240.0
covertype,shift,0.18,gradmatch,0.7973925390473732,0.6563685774316479,0.7121185967759495,0.6362002403779699,40.13679452985525,39.75051470473409,36.08573090657592,161.0,464807.0,12240.0
covertype,shift,0.18,deem,0.6838862355320339,0.5028232548922239,0.5363604592747653,0.5028591104853316,311.6640008352697,311.26061648875475,22.080473378300667,52.0,464807.0,23240.0
covertype,shift,0.24,cleancore,0.8240781377737619,0.7232333394800341,0.7685873066648587,0.6953399279700323,105.36197416856885,104.91720381379128,81.75678385421634,123.0,464807.0,23238.0
covertype,shift,0.24,gradmatch,0.7953444344047158,0.653412242622058,0.7375589790311577,0.6260800232221578,43.14561181515455,42.74880864098668,38.7263929694891,180.0,464807.0,12240.0
covertype,shift,0.24,deem,0.6781894066520373,0.46573487174321954,0.5219909487163178,0.4672617365605954,317.9523950256407,317.544166110456,22.55924716964364,52.0,464807.0,23240.0
covertype,shift,0.30,cleancore,0.813631082999871,0.7167914578310263,0.7631245461340418,0.6879952893782172,111.46309357881546,111.02285908907652,81.43945436924696,126.0,464807.0,23239.0
covertype,shift,0.30,gradmatch,0.7878920872595844,0.6217848538526811,0.7239096648643859,0.585558759314454,39.626350432634354,39.239918790757656,35.56227735057473,161.0,464807.0,12240.0
covertype,shift,0.30,deem,0.6802375112946947,0.46367819589625,0.5541454683528044,0.455930957592262,322.3027046136558,321.8991372510791,22.445969600230455,52.0,464807.0,23240.0
magic,random,0.06,cleancore,0.8604467805519054,0.8433204520567352,0.8533141270976153,0.8359438762062816,4.53071628510952,4.507990676909685,3.313712816685438,241.0,15215.0,1522.0
magic,random,0.06,gradmatch,0.8394218134034166,0.8166868717930522,0.8345324849425435,0.8058774932244643,1.7927200943231583,1.7682087235152721,1.3421845361590385,85.0,15215.0,300.0
magic,random,0.06,deem,0.8409986859395532,0.8154388902914775,0.8433846245267674,0.8011079583840022,1.7417204938828945,1.7239498533308506,1.0074042975902557,53.0,15215.0,1522.0
magic,random,0.12,cleancore,0.8488830486202366,0.8247496191410624,0.8528056872037915,0.8100955027892849,3.694323517382145,3.6721292808651924,2.7638909965753555,197.0,15215.0,1522.0
magic,random,0.12,gradmatch,0.8304862023653088,0.79839943497873,0.842049385613044,0.7808587556038664,1.7231014743447304,1.684360358864069,1.2695749439299107,87.0,15215.0,300.0
magic,random,0.12,deem,0.8412614980289094,0.8124658913170064,0.8526464414234306,0.7949830134456439,1.7532356902956963,1.7355041205883026,0.9856193475425243,53.0,15215.0,1522.0
magic,random,0.18,cleancore,0.8454664914586071,0.8259894461565456,0.8369470870245521,0.8182347798109939,2.80475577712059,2.782816980034113,1.9847316294908524,130.0,15215.0,1522.0
magic,random,0.18,gradmatch,0.8176084099868594,0.7941286992858703,0.8051957078892757,0.7866612074601481,1.5983407944440842,1.5742384791374207,1.1541156955063343,119.0,15215.0,300.0
magic,random,0.18,deem,0.8307490144546649,0.8009131402104727,0.8366781979675992,0.784994816480381,1.7107617184519768,1.692735280841589,0.9969628266990185,53.0,15215.0,1522.0
magic,random,0.24,cleancore,0.8386333771353482,0.81439614217392,0.8365028508780813,0.802020148773981,2.7717975936830044,2.749711588025093,1.9903735257685184,128.0,15215.0,1522.0
magic,random,0.24,gradmatch,0.8223390275952693,0.7890774703925509,0.8302775619721225,0.7725236197023431,1.5850566364824772,1.5664566680788994,1.2465608082711697,151.0,15215.0,300.0
magic,random,0.24,deem,0.8226018396846255,0.7883868708610977,0.8331007592705882,0.7711871441442588,1.8564512953162193,1.829952646046877,1.0817173048853874,53.0,15215.0,1522.0
magic,random,0.30,cleancore,0.8204993429697766,0.7934028245648888,0.8145793860414292,0.7818789486089324,3.1541909612715244,3.1317367516458035,2.309533942490816,164.0,15215.0,1522.0
magic,random,0.30,gradmatch,0.81419185282523,0.7854818533533445,0.8079163472186728,0.7737654225613676,1.403865497559309,1.385327510535717,1.1054052747786045,120.0,15215.0,300.0
magic,random,0.30,deem,0.819185282522996,0.7876153178144037,0.8210561497326203,0.7728277841498816,1.9892467595636845,1.965716939419508,1.068359512835741,53.0,15215.0,1522.0
magic,shift,0.06,cleancore,0.8612352168199737,0.8429286952692847,0.8571996054565951,0.8333025836406788,4.086746580898762,4.064819760620594,3.030111663043499,165.0,15215.0,1522.0
magic,shift,0.06,gradmatch,0.8483574244415243,0.8220922499516028,0.8580534825870647,0.8052437163078798,1.2454507686197758,1.2266973853111267,0.9721970781683922,88.0,15215.0,300.0
magic,shift,0.06,deem,0.8360052562417871,0.8100297190611003,0.8362468639378631,0.796402043597308,2.5635681562125683,2.5393341332674026,1.5336900390684605,53.0,15215.0,1522.0
magic,shift,0.12,cleancore,0.8417871222076215,0.8173004095847554,0.8420471693031317,0.8039392022529982,4.214444510638714,4.192059393972158,3.056853197515011,166.0,15215.0,1522.0
magic,shift,0.12,gradmatch,0.8367936925098555,0.8126473142511352,0.8334796164326137,0.8007724383385351,1.803810466080904,1.7859676964581013,1.4788452871143818,183.0,15215.0,300.0
magic,shift,0.12,deem,0.8415243101182655,0.8146873827114247,0.847588742816846,0.7989480575585775,2.221809785813093,2.1970477364957333,1.2788406126201153,53.0,15215.0,1522.0
magic,shift,0.18,cleancore,0.8365308804204994,0.8143582141064257,0.8292417258240148,0.8048451821139186,3.805887244641781,3.7741425931453705,2.6915787905454636,154.0,15215.0,1522.0
magic,shift,0.18,gradmatch,0.828646517739816,0.8083960773119503,0.8156444865419528,0.8028693250154657,1.3885433450341225,1.369477391242981,1.0798053294420242,117.0,15215.0,300.0
magic,shift,0.18,deem,0.8318002628120894,0.804360750036152,0.8327758570026321,0.7902519535900796,2.101893901824951,2.0771471560001373,1.1258221715688705,53.0,15215.0,1522.0
magic,shift,0.24,cleancore,0.8375821287779238,0.8152462158115656,0.8310555472336758,0.8053138498433432,3.422030109912157,3.3901421017944813,2.3768033273518085,130.0,15215.0,1522.0
magic,shift,0.24,gradmatch,0.8275952693823916,0.7944986685652976,0.8394109019345735,0.7769191595124402,1.5577835850417614,1.5392733216285706,1.2564885020256042,151.0,15215.0,300.0
magic,shift,0.24,deem,0.8252299605781866,0.792148254667993,0.835029981434091,0.7750950816851195,1.8037510588765144,1.7851691730320454,1.0495478436350822,53.0,15215.0,1522.0
magic,shift,0.30,cleancore,0.8323258869908016,0.8085458192215869,0.8260967647189474,0.7980110250523653,4.473378591239452,4.440961465239525,3.120588280260563,206.0,15215.0,1522.0
magic,shift,0.30,gradmatch,0.8118265440210249,0.7815276433232163,0.8069881600553107,0.7690340597531663,1.4043602794408798,1.3863222002983093,1.0979971773922443,120.0,15215.0,300.0
magic,shift,0.30,deem,0.8233902759526939,0.7926531406607308,0.8262639900363383,0.7776097400484603,1.7789925262331963,1.760957207530737,1.0140954107046127,53.0,15215.0,1522.0
miniboone,random,0.06,cleancore,0.9097758812901242,0.8869146126322689,0.8918517509727977,0.88235709333999,24.012145716696978,23.901328716427088,17.4223223477602,191.0,104051.0,5198.0
miniboone,random,0.06,gradmatch,0.8900165301964402,0.8624932777349872,0.8661169253435145,0.8590989086043034,10.139223393052816,10.062447488307953,9.637650918215513,139.0,104051.0,512.0
miniboone,random,0.06,deem,0.8769461423134587,0.8360835120079848,0.870143109528467,0.8147154897079094,14.072629529982805,14.001153696328402,11.779091365635395,58.0,104051.0,5203.0
miniboone,random,0.12,cleancore,0.8950909160804214,0.873445869646271,0.8649387555525916,0.8837633898930419,29.08196446299553,28.97587275505066,20.979665901511908,250.0,104051.0,5195.0
miniboone,random,0.12,gradmatch,0.8907469342251951,0.8610178442472584,0.8720446000426323,0.851794884370912,10.289687048643827,10.210440672934055,9.7085370272398,181.0,104051.0,512.0
miniboone,random,0.12,deem,0.8789835851305117,0.8425670306445292,0.8637840223130187,0.8272016633371131,13.916941232979298,13.817843902856112,11.510848421603441,58.0,104051.0,5203.0
miniboone,random,0.18,cleancore,0.8994733402529504,0.8740779195132489,0.8786003481039257,0.8698910287991133,31.465848479419947,31.368720546364784,22.347679637372494,250.0,104051.0,5203.0
miniboone,random,0.18,gradmatch,0.8879790873793872,0.860655438337621,0.8622996535939291,0.8590613147844623,8.274122282862663,8.190525557845831,7.767980020493269,97.0,104051.0,512.0
miniboone,random,0.18,deem,0.8762541806020067,0.8356147421218341,0.8679795929073002,0.814986468274564,14.04384582862258,13.941321838647127,11.640190776437521,58.0,104051.0,5203.0
miniboone,random,0.24,cleancore,0.8984738400030754,0.8748699302452421,0.8731249787442976,0.8766738272199607,20.34951200708747,20.256514240056276,15.669003549963236,147.0,104051.0,5203.0
miniboone,random,0.24,gradmatch,0.8631837927190251,0.8144834913577219,0.8573350147972061,0.7905709055824498,8.529744513332844,8.456787809729576,8.051970891654491,139.0,104051.0,512.0
miniboone,random,0.24,deem,0.8883635105524161,0.8564382365779135,0.8724788149632532,0.8439139921042365,14.044269319623709,13.92806038632989,11.54536260664463,58.0,104051.0,5203.0
miniboone,random,0.30,cleancore,0.8918233191096759,0.8683456844482943,0.8624992675495136,0.8749755352846054,21.84860449284315,21.744996689260006,15.423770479857922,147.0,104051.0,5203.0
miniboone,random,0.30,gradmatch,0.8700649675162418,0.8299451881735412,0.8535246832561204,0.8135670352966841,8.090256836265326,8.018816951662302,7.661010503768921,98.0,104051.0,512.0
miniboone,random,0.30,deem,0.8907469342251951,0.8606894457588236,0.8728021219321965,0.850708766669424,14.346365693956614,14.269592322409153,12.325666945427656,58.0,104051.0,5203.0
miniboone,shift,0.06,cleancore,0.9131588052127783,0.8914921745163134,0.8951449046290961,0.8880503005382676,24.94466334581375,24.848606072366238,18.291846476495266,192.0,104051.0,5202.0
miniboone,shift,0.06,gradmatch,0.892169299965402,0.866536844641959,0.8663385034781661,0.8667359369978676,8.447997778654099,8.364943776279688,7.914328619837761,140.0,104051.0,512.0
miniboone,shift,0.06,deem,0.8503825010571637,0.790094518238718,0.8529800777908482,0.7619143603194322,14.117405582219362,14.02929075434804,12.394324462860823,58.0,104051.0,5203.0
miniboone,shift,0.12,cleancore,0.9089301503094607,0.8873757739500628,0.8868465307893594,0.8879100090845936,29.58344240114093,29.48422136157751,21.531591277569532,250.0,104051.0,5201.0
miniboone,shift,0.12,gradmatch,0.8925152808211279,0.8629692527022541,0.8750699380055829,0.8529822026881906,8.669563934206963,8.543020993471146,7.872061897069216,181.0,104051.0,512.0
miniboone,shift,0.12,deem,0.8813285664859878,0.8502402223890465,0.8574860828466736,0.8438700990960061,14.591704476624727,14.504826065152884,12.877332281321287,58.0,104051.0,5203.0
miniboone,shift,0.18,cleancore,0.9042017452812056,0.8818175371639863,0.8803865399140894,0.883286763505555,28.921413503587246,28.79367135092616,21.13647273555398,250.0,104051.0,5195.0
miniboone,shift,0.18,gradmatch,0.8864413946872718,0.8592769506542399,0.8595181463205841,0.8590368830107851,8.334371518343687,8.201969966292381,7.589941710233688,142.0,104051.0,512.0
miniboone,shift,0.18,deem,0.869334563487487,0.8278473048426022,0.8548579718587166,0.8098427874841971,15.725672151893377,15.644804704934359,13.824148245155811,58.0,104051.0,5203.0
miniboone,shift,0.24,cleancore,0.8982816284165609,0.872700668896321,0.8768313855143388,0.8688538588293685,30.452751610428095,30.364694625139236,21.115945160388947,250.0,104051.0,5192.0
miniboone,shift,0.24,gradmatch,0.8842501826010072,0.8549462681307921,0.8594127016891316,0.8508300763735415,8.226338010281324,8.147411808371544,7.725563529878855,142.0,104051.0,512.0
miniboone,shift,0.24,deem,0.8889401453119594,0.8573723975568578,0.8727861041803103,0.8452338056687572,16.00211386755109,15.929249335080385,13.983893301337957,58.0,104051.0,5203.0
miniboone,shift,0.30,cleancore,0.8986660515895898,0.8747604622841574,0.8740188254618542,0.8755124376944019,28.28932187333703,28.148403123021126,21.202479731291533,250.0,104051.0,5203.0
miniboone,shift,0.30,gradmatch,0.8654134471225926,0.8231725393795368,0.848335041117159,0.8061566129765476,7.731824219226837,7.65143458917737,7.272468134760857,98.0,104051.0,512.0
miniboone,shift,0.30,deem,0.8887863760427479,0.8542832153910842,0.8801232091934764,0.8362708914541133,15.629588898271322,15.552420374006033,13.595945708453655,58.0,104051.0,5203.0
pendigits,random,0.06,cleancore,0.9631217838765008,0.9633183027123614,0.9643106035917264,0.9634114652873134,2.5580264776945114,2.529377304017544,1.7981815673410892,153.0,7494.0,749.0
pendigits,random,0.06,gradmatch,0.9465408805031447,0.9468921031063033,0.9482919950069186,0.9473096408340641,0.9020987935364246,0.8836739137768745,0.6075096391141415,122.0,7494.0,256.0
pendigits,random,0.06,deem,0.9299599771297884,0.9307737600583392,0.9356116500731237,0.9295135534976104,2.590810287743807,2.5725703574717045,0.805214136838913,54.0,7494.0,749.0
pendigits,random,0.12,cleancore,0.9594053744997141,0.9596726847515485,0.9599053645655499,0.959842043980443,3.3030489794909954,3.2740491926670074,2.3999424390494823,194.0,7494.0,749.0
pendigits,random,0.12,gradmatch,0.9373927958833619,0.9380656843217151,0.9389460692073094,0.9387589191676708,1.174672942608595,1.15661496296525,0.8626026958227158,186.0,7494.0,256.0
pendigits,random,0.12,deem,0.9465408805031447,0.9469382189991851,0.9499960328849921,0.9463980767084565,2.751301843672991,2.732859745621681,1.0293591506779194,54.0,7494.0,749.0
pendigits,random,0.18,cleancore,0.9596912521440824,0.9597512576281526,0.9602321370360449,0.960337612410204,2.1077962405979633,2.085540045052767,1.5185587741434574,102.0,7494.0,749.0
pendigits,random,0.18,gradmatch,0.9493996569468267,0.9497122061041188,0.9507580432519573,0.9499810140108649,1.1944252252578735,1.1763071939349174,0.9044540300965309,192.0,7494.0,256.0
pendigits,random,0.18,deem,0.9471126357918811,0.9473808121921568,0.9503155453289691,0.9469657157632057,2.5950317345559597,2.5769348442554474,0.9622465632855892,54.0,7494.0,749.0
pendigits,random,0.24,cleancore,0.9382504288164666,0.938051382662402,0.9388896083804228,0.938836863611287,2.6707254871726036,2.6485475413501263,1.843984380364418,154.0,7494.0,749.0
pendigits,random,0.24,gradmatch,0.8790737564322469,0.8796984712526941,0.884370708741268,0.8794627483552178,0.8737860843539238,0.8553945012390614,0.6090815924108028,122.0,7494.0,256.0
pendigits,random,0.24,deem,0.9353916523727844,0.9363187959600404,0.9394517603792625,0.9358779235237851,2.6965940445661545,2.6786771714687347,0.9524806477129459,54.0,7494.0,749.0
pendigits,random,0.30,cleancore,0.9539736992567182,0.953955522208888,0.9546404547670211,0.9543860871150558,1.8085403107106686,1.7863009683787823,1.1913991123437881,105.0,7494.0,749.0
pendigits,random,0.30,gradmatch,0.8990851915380217,0.9003187748572783,0.9052609836041032,0.8995552626929832,1.23972537368536,1.2214010506868362,0.9204828292131424,192.0,7494.0,256.0
pendigits,random,0.30,deem,0.9531160663236135,0.9536598748927565,0.955878957705249,0.9535988881087253,2.6485652923583984,2.6301304064691067,0.9208853915333748,54.0,7494.0,749.0
pendigits,shift,0.06,cleancore,0.9519725557461407,0.9521249799090168,0.9532654621944833,0.9523733762845025,2.1999402567744255,2.177437089383602,1.5555033683776855,153.0,7494.0,749.0
pendigits,shift,0.06,gradmatch,0.9462550028587764,0.9464071955335264,0.947519385118398,0.9474314802113311,0.8700033687055111,0.8514245711266994,0.5997824296355247,121.0,7494.0,256.0
pendigits,shift,0.06,deem,0.9222412807318467,0.9232284223173137,0.9309611361534678,0.9220136749275148,2.674744449555874,2.6567083224654198,1.0092533640563488,54.0,7494.0,749.0
pendigits,shift,0.12,cleancore,0.9359634076615209,0.9363401340114368,0.9383274740368996,0.9363711554162707,2.713231395930052,2.691913891583681,1.9362475834786892,199.0,7494.0,749.0
pendigits,shift,0.12,gradmatch,0.9179531160663236,0.9176597405367707,0.9224708677290568,0.9189074516618614,1.5194509290158749,1.5003166310489178,1.1874488294124603,262.0,7494.0,256.0
pendigits,shift,0.12,deem,0.8782161234991424,0.8788965643665811,0.8888703163055791,0.8787375921229381,2.608853567391634,2.591102112084627,0.9525276087224483,54.0,7494.0,749.0
pendigits,shift,0.18,cleancore,0.9359634076615209,0.9361839534174973,0.9374405008200737,0.9362929647241044,2.9327717535197735,2.910871386528015,1.999603159725666,203.0,7494.0,749.0
pendigits,shift,0.18,gradmatch,0.9259576901086335,0.9258292464668747,0.9285732099309618,0.9268354598815929,1.4825421385467052,1.4567508362233639,1.1411950960755348,190.0,7494.0,256.0
pendigits,shift,0.18,deem,0.866781017724414,0.8664139224936511,0.8773110381971108,0.8665543541713827,2.3331677056849003,2.3147359751164913,0.7445525825023651,54.0,7494.0,749.0
pendigits,shift,0.24,cleancore,0.9210977701543739,0.9211121299221305,0.9226673440490863,0.9217256889424462,3.596395369619131,3.567254714667797,2.513096798211336,252.0,7494.0,749.0
pendigits,shift,0.24,gradmatch,0.8622069754145226,0.8608778343821107,0.8796399124959449,0.8650125084097269,1.2136262953281403,1.1902268081903458,0.9096873067319393,122.0,7494.0,256.0
pendigits,shift,0.24,deem,0.8530588907947398,0.8522937498096936,0.8672712891231263,0.8538050890764595,2.313479382544756,2.294941257685423,0.7162700667977333,54.0,7494.0,749.0
pendigits,shift,0.30,cleancore,0.8970840480274442,0.8978337409972431,0.9021822827884348,0.8987737562076095,4.224477406591177,4.202616021037102,3.0027416944503784,301.0,7494.0,749.0
pendigits,shift,0.30,gradmatch,0.8787878787878788,0.8791403051394318,0.8866822247275195,0.8801795050268592,1.7660802938044071,1.7473059967160225,1.3806258291006088,192.0,7494.0,256.0
pendigits,shift,0.30,deem,0.7955974842767296,0.7962693484073118,0.8047186905409747,0.7956227501580284,2.2636626586318016,2.2386432848870754,0.7472891844809055,54.0,7494.0,749.0
skin,random,0.06,cleancore,0.9980616991757121,0.9970618733384257,0.9956883786427497,0.9984505030468729,29.450942438095808,29.413199335336685,26.037484470754862,200.0,196045.0,9802.0
skin,random,0.06,gradmatch,0.9980208928425691,0.997001748535197,0.9953468169765192,0.9986787249018225,17.148266825824976,17.119519609957933,16.60502525791526,89.0,196045.0,8500.0
skin,random,0.06,deem,0.9940422753611361,0.9910371139071698,0.9861117283125234,0.9961684262406485,9.817798543721437,9.790287360548973,8.649975184351206,52.0,196045.0,9802.0
skin,random,0.12,cleancore,0.9978168611768546,0.996693841846482,0.9948646958367384,0.998549991637147,22.761256102472544,22.71417274326086,20.350033953785896,144.0,196045.0,9802.0
skin,random,0.12,gradmatch,0.997653635844283,0.9964476758470902,0.9944796740608665,0.9984470050254064,23.76839615032077,23.739713702350855,23.046914476901293,161.0,196045.0,8500.0
skin,random,0.12,deem,0.9949808210234229,0.9924366981103805,0.9882590928821071,0.9967605992581562,9.864148929715157,9.836678296327591,8.629554215818644,52.0,196045.0,9802.0
skin,random,0.18,cleancore,0.9977352485105688,0.9965707411543271,0.9946721100358678,0.9984984983312767,28.998317167162895,28.963466577231884,25.55222312361002,200.0,196045.0,9802.0
skin,random,0.18,gradmatch,0.9973883946788542,0.9960485260862018,0.9937864077669902,0.9983522142121524,17.465754136443138,17.435714974999428,16.895045679062605,87.0,196045.0,8500.0
skin,random,0.18,deem,0.9940626785277075,0.9910687611129214,0.9860938545350282,0.9962538619979402,9.997486088424921,9.96850311383605,8.613625936210155,52.0,196045.0,9802.0
skin,random,0.24,cleancore,0.9979188770097119,0.9968477675063699,0.9951056390471568,0.9986143582694847,28.81874731183052,28.784272257238626,25.41150840371847,200.0,196045.0,9802.0
skin,random,0.24,gradmatch,0.9978984738431405,0.9968160601618934,0.9951968649182618,0.9984563600813687,27.11793566867709,27.089258324354887,26.329777102917433,195.0,196045.0,8500.0
skin,random,0.24,deem,0.9921855872031339,0.9882833862633014,0.981856939838939,0.9950695159629248,9.658756639808416,9.631190441548824,8.397436905652285,52.0,196045.0,9802.0
skin,random,0.30,cleancore,0.9975924263445687,0.9963517219939358,0.9948218403140856,0.9979004480302343,28.697384741157293,28.663164507597685,25.270677711814642,200.0,196045.0,9802.0
skin,random,0.30,gradmatch,0.995307271688566,0.9929245817414872,0.9890104558019029,0.9969665724816372,27.081004049628973,27.052114203572273,26.284920778125525,193.0,196045.0,8500.0
skin,random,0.30,deem,0.9926548600342773,0.9889772605358842,0.9829404731991223,0.9953293212562666,10.011099584400654,9.982009712606668,8.58219725266099,52.0,196045.0,9802.0
skin,shift,0.06,cleancore,0.9982249245082837,0.9973100709101582,0.9957948394938004,0.9988437393819103,28.663436625152826,28.628965616226196,25.69220694899559,200.0,196045.0,9802.0
skin,shift,0.06,gradmatch,0.9979596833428548,0.9969091305079396,0.9952369535774507,0.9986038237070077,17.197094153612852,17.15769111737609,16.637229427695274,86.0,196045.0,8500.0
skin,shift,0.06,deem,0.9952868685219947,0.9928925501342143,0.9890625622442699,0.9968448555089333,10.053727943450212,10.014149136841297,8.773924198001623,52.0,196045.0,9802.0
skin,shift,0.12,cleancore,0.99747000734514,0.9961711836230326,0.9940127321172028,0.9983674263026105,28.350992903113365,28.31645628064871,25.409214172512293,200.0,196045.0,9802.0
skin,shift,0.12,gradmatch,0.9971843630131396,0.9957404297148105,0.9934103942834935,0.9981146373012405,24.71395691856742,24.67060261964798,23.97885950654745,161.0,196045.0,8500.0
skin,shift,0.12,deem,0.9918591365379907,0.9877990879182792,0.9811890924396818,0.9947909803086197,10.14796145260334,10.119522478431463,8.857240449637175,52.0,196045.0,9802.0
skin,shift,0.18,cleancore,0.9975312168448544,0.9962628752449343,0.9942258711456348,0.998333483851189,15.754528984427452,15.71912482008338,14.28624115139246,85.0,196045.0,9802.0
skin,shift,0.18,gradmatch,0.9964702521831388,0.9946668088771127,0.9917399152516818,0.9976640708748759,21.369661886245012,21.341157354414463,20.73314507678151,125.0,196045.0,8500.0
skin,shift,0.18,deem,0.9912062352077042,0.9868372753500219,0.9796755635197585,0.994451596292482,9.760881844907999,9.733368210494518,8.25551250204444,52.0,196045.0,9802.0
skin,shift,0.24,cleancore,0.9973067820125684,0.9959247494841642,0.9936979022193949,0.9981918772600459,25.318410992622375,25.282484862953424,22.82847837358713,164.0,196045.0,9802.0
skin,shift,0.24,gradmatch,0.9966538806822819,0.9949426259582652,0.9921683858750876,0.9977799308130839,21.68607832863927,21.641791991889477,21.033920623362064,113.0,196045.0,8500.0
skin,shift,0.24,deem,0.9921855872031339,0.988281731098466,0.9819188389877151,0.9949969535321006,9.664828285574913,9.63729476928711,8.56004648655653,52.0,196045.0,9802.0
skin,shift,0.30,cleancore,0.9954909001877091,0.9931987743071691,0.9894672784595382,0.9970461512044331,29.52803237736225,29.491240944713354,25.275443483144045,200.0,196045.0,9802.0
skin,shift,0.30,gradmatch,0.9934505835305639,0.9901564073861275,0.9847994355608659,0.9957588185576771,28.580729223787785,28.55234780535102,27.778380684554577,198.0,196045.0,8500.0
skin,shift,0.30,deem,0.9903901085448462,0.9856358811726551,0.9778727802311378,0.9939366632337796,10.236248537898064,10.20250042155385,8.888635236769915,52.0,196045.0,9802.0
wdbc,random,0.06,cleancore,0.9652173913043478,0.9624918460534899,0.9675346077785102,0.958171834625323,0.769694373011589,0.7498087249696255,0.4379488006234169,282.0,454.0,45.0
wdbc,random,0.06,gradmatch,0.9217391304347826,0.9175233086301697,0.9130434782608696,0.9234496124031008,1.6046902537345886,1.587639156728983,0.8697043396532536,291.0,454.0,45.0
wdbc,random,0.06,deem,0.9391304347826087,0.933300190570884,0.9478810663021189,0.9232881136950905,0.43105413019657135,0.41549694910645485,0.15257194265723228,53.0,454.0,45.0
wdbc,random,0.12,cleancore,0.9652173913043478,0.9628552971576227,0.9628552971576227,0.9628552971576227,0.8016925863921642,0.7814509458839893,0.4405410438776016,296.0,454.0,45.0
wdbc,random,0.12,gradmatch,0.9565217391304348,0.9533468559837728,0.9556425309849967,0.9512273901808785,1.4554328136146069,1.4384769052267075,0.7666221223771572,260.0,454.0,45.0
wdbc,random,0.12,deem,0.9478260869565217,0.9447823303457106,0.9412698412698413,0.9489664082687339,0.4343368150293827,0.41874923929572105,0.1542757861316204,53.0,454.0,45.0
wdbc,random,0.18,cleancore,0.9391304347826087,0.9346855983772819,0.9368884540117417,0.9326550387596899,0.5820530317723751,0.561325091868639,0.28055134788155556,166.0,454.0,45.0
wdbc,random,0.18,gradmatch,0.9391304347826087,0.9346855983772819,0.9368884540117417,0.9326550387596899,0.628951296210289,0.612746000289917,0.23969490826129913,84.0,454.0,45.0
wdbc,random,0.18,deem,0.8521739130434782,0.8380147485292899,0.849624060150376,0.8304263565891472,0.444250725209713,0.4282493628561497,0.15659628063440323,53.0,454.0,45.0
wdbc,random,0.24,cleancore,0.9739130434782609,0.9720081135902636,0.9743966079582518,0.9697997416020672,0.5922058895230293,0.57164141908288,0.2882159389555454,169.0,454.0,45.0
wdbc,random,0.24,gradmatch,0.8956521739130435,0.8820915926179084,0.9177753141167775,0.8651485788113695,1.2358851246535778,1.21126289665699,0.6303650476038456,211.0,454.0,45.0
wdbc,random,0.24,deem,0.9043478260869565,0.8951860137542464,0.9085782638414217,0.8861434108527132,0.4563511125743389,0.44081688672304153,0.15478908643126488,53.0,454.0,45.0
wdbc,random,0.30,cleancore,0.9565217391304348,0.9541796159056498,0.9492753623188406,0.960594315245478,0.614655502140522,0.5946445725858212,0.28440696746110916,169.0,454.0,45.0
wdbc,random,0.30,gradmatch,0.9304347826086956,0.9233333333333333,0.9416146916146917,0.9116602067183464,0.5230822488665581,0.5071524828672409,0.17862419411540031,65.0,454.0,45.0
wdbc,random,0.30,deem,0.8608695652173913,0.8539682539682539,0.8494993742177722,0.8607881136950905,0.4592018537223339,0.4435201436281204,0.1557694524526596,53.0,454.0,45.0
wdbc,shift,0.06,cleancore,0.991304347826087,0.9906693711967546,0.9931506849315068,0.9883720930232558,0.577147975564003,0.5579224452376366,0.27665457129478455,165.0,454.0,45.0
wdbc,shift,0.06,gradmatch,0.9739130434782609,0.9720081135902636,0.9743966079582518,0.9697997416020672,0.7589434944093227,0.7421685345470905,0.3372299075126648,116.0,454.0,45.0
wdbc,shift,0.06,deem,0.9478260869565217,0.9442829457364341,0.9442829457364341,0.9442829457364341,0.681332815438509,0.6582854650914669,0.26805562898516655,53.0,454.0,45.0
wdbc,shift,0.12,cleancore,0.9652173913043478,0.9624918460534899,0.9675346077785102,0.958171834625323,0.7623278796672821,0.7418520152568817,0.4083186239004135,271.0,454.0,45.0
wdbc,shift,0.12,gradmatch,0.9478260869565217,0.9437377690802349,0.948582729070534,0.9395994832041343,2.20400433242321,2.186892181634903,1.243061576038599,324.0,454.0,45.0
wdbc,shift,0.12,deem,0.9478260869565217,0.9431443638760713,0.9542847503373819,0.9349160206718347,0.7554197758436203,0.7276261411607265,0.26501111686229706,53.0,454.0,45.0
wdbc,shift,0.18,cleancore,0.9391304347826087,0.9363586054233537,0.9300373134328358,0.946705426356589,0.5931454673409462,0.5743725597858429,0.28989868238568306,174.0,454.0,45.0
wdbc,shift,0.18,gradmatch,0.8695652173913043,0.8553944169670551,0.8748241912798875,0.8443152454780362,1.0708891116082668,1.0460832342505455,0.5216745138168335,116.0,454.0,45.0
wdbc,shift,0.18,deem,0.8869565217391304,0.8695576302242387,0.9235294117647059,0.8488372093023255,0.5875865705311298,0.566116213798523,0.16462534293532372,53.0,454.0,45.0
wdbc,shift,0.24,cleancore,0.9130434782608695,0.9062296151337247,0.9106789716545814,0.9024547803617571,0.5931790471076965,0.5738848224282265,0.2778266742825508,171.0,454.0,45.0
wdbc,shift,0.24,gradmatch,0.8869565217391304,0.8761289253459276,0.8889268626110731,0.8675710594315245,2.819662906229496,2.8022705130279064,1.6251346208155155,468.0,454.0,45.0
wdbc,shift,0.24,deem,0.8521739130434782,0.8397672321940824,0.8458333333333333,0.835109819121447,0.5388743132352829,0.5175726003944874,0.15446850657463074,53.0,454.0,45.0
wdbc,shift,0.30,cleancore,0.808695652173913,0.804421768707483,0.8037878787878787,0.8238049095607235,0.590715792030096,0.5713381879031658,0.2808045260608196,168.0,454.0,45.0
wdbc,shift,0.30,gradmatch,0.7913043478260869,0.7876923076923077,0.7902298850574713,0.8099160206718347,2.1491039842367172,2.126445759087801,1.119396936148405,364.0,454.0,45.0
wdbc,shift,0.30,deem,0.7565217391304347,0.751082251082251,0.7515151515151515,0.7680878552971576,0.46934783831238747,0.452381893992424,0.15518415346741676,53.0,454.0,45.0
